aidoc_iri,ref_iri,buckets,aidoc_label,ref_label,llm_relation,vote_FK,vote_SN,vote_TD,consensus,outcome,notes
https://w3id.org/aidoc-ap#AIActivity,http://www.w3.org/ns/prov#Activity,prov-o,AI Activity,Activity,skos:exactMatch,skos:broadMatch,skos:broadMatch,skos:broadMatch,skos:broadMatch,modify,SN: skos:narrowMatch | TD: skos:broadMatch
https://w3id.org/aidoc-ap#AIActivity,http://www.w3.org/ns/prov-o#Activity,mex-core+mex-perf,AI Activity,Activity,skos:exactMatch,skos:broadMatch,skos:exactMatch,skos:broadMatch,skos:broadMatch,modify,SN: skos:broadMatch | TD: skos:broadMatch
https://w3id.org/aidoc-ap#AIAgent,http://www.w3.org/ns/prov#Agent,prov-o+rains,AI Agent,Agent,skos:closeMatch,skos:broadMatch,skos:broadMatch,skos:broadMatch,skos:broadMatch,modify,SN: skos:narrowMatch | TD: skos:broadMatch
https://w3id.org/aidoc-ap#AIAgent,http://www.w3.org/ns/prov-o#Agent,mex-core,AI Agent,Agent,skos:exactMatch,skos:broadMatch,skos:broadMatch,skos:broadMatch,skos:broadMatch,modify,SN: skos:narrowMatch | TD: skos:broadMatch
https://w3id.org/aidoc-ap#AIAgent,http://xmlns.com/foaf/0.1/Agent,mcro+ml-onto,AI Agent,http://xmlns.com/foaf/0.1/Agent,skos:closeMatch,skos:broadMatch,skos:broadMatch,skos:closeMatch,skos:broadMatch,modify,SN: skos:narrowMatch
https://w3id.org/aidoc-ap#AIAgent,https://w3id.org/dpv#Agent,dpv,AI Agent,Agent,skos:closeMatch,skos:broadMatch,skos:closeMatch,skos:closeMatch,skos:closeMatch,accept,
https://w3id.org/aidoc-ap#AIAgent,https://w3id.org/dpv/ai#AIAgent,dpv-ai,AI Agent,AIAgent,skos:exactMatch,skos:closeMatch,skos:exactMatch,REJECT,CONFLICT,CONFLICT,
https://w3id.org/aidoc-ap#AIAgent,https://w3id.org/ep-plan#Agent,rains,AI Agent,Agent,skos:closeMatch,skos:broadMatch,skos:broadMatch,skos:closeMatch,skos:broadMatch,modify,SN: skos:narrowMatch
https://w3id.org/aidoc-ap#AIDeployer,https://w3id.org/airo#AIDeployer,airo,AI Deployer,AI Deployer,skos:exactMatch,skos:exactMatch,skos:exactMatch,skos:exactMatch,skos:exactMatch,accept,
https://w3id.org/aidoc-ap#AIDeployer,https://w3id.org/dpv/legal/eu/aiact#AIDeployer,dpv-aiact,AI Deployer,AIDeployer,skos:exactMatch,skos:exactMatch,skos:exactMatch,skos:exactMatch,skos:exactMatch,accept,
https://w3id.org/aidoc-ap#AIDeployer,https://w3id.org/dpv/tech#Deployer,dpv-tech,AI Deployer,Deployer,skos:closeMatch,skos:broadMatch,skos:closeMatch,skos:closeMatch,skos:closeMatch,accept,
https://w3id.org/aidoc-ap#AIModel,http://mex.aksw.org/mex-core#Model,mex-core,AI Model,Model,skos:closeMatch,skos:broadMatch,skos:closeMatch,REJECT,CONFLICT,CONFLICT,
https://w3id.org/aidoc-ap#AIModel,http://www.w3.org/ns/mls#Model,ml-onto+mlschema+rains,AI Model,Model,skos:closeMatch,skos:narrowMatch,skos:closeMatch,skos:closeMatch,skos:closeMatch,accept,
https://w3id.org/aidoc-ap#AIModel,https://w3id.org/airo#AIModel,airo,AI Model,AI Model,skos:exactMatch,skos:exactMatch,skos:exactMatch,skos:exactMatch,skos:exactMatch,accept,
https://w3id.org/aidoc-ap#AIModel,https://w3id.org/dpv/ai#GPAIModel,fn-band/dpv-ai,AI Model,GPAIModel,skos:closeMatch,skos:narrowMatch,skos:narrowMatch,skos:narrowMatch,skos:narrowMatch,modify,"FK: aidoc describes a computational representation that enables an AI method to execute an AI task, while dpv-ai describes a model that displays generality in terms of capabilities and potential applications according to the EU AI Act | SN: skos:broadMatch | TD: skos:narrowMatch"
https://w3id.org/aidoc-ap#AIModel,https://w3id.org/dpv/ai#Model,dpv-ai,AI Model,Model,skos:closeMatch,skos:closeMatch,skos:closeMatch,skos:closeMatch,skos:closeMatch,accept,
https://w3id.org/aidoc-ap#AIModel,https://w3id.org/dpv/legal/eu/aiact#GPAIModel,fn-band/dpv-aiact,AI Model,GPAIModel,skos:closeMatch,skos:narrowMatch,skos:narrowMatch,skos:narrowMatch,skos:narrowMatch,modify,"FK: aidoc describes a computational representation that enables an AI method to execute an AI task, while dpv-ai describes a model that displays generality in terms of capabilities and potential applications according to the EU AI Act | SN: skos:broadMatch | TD: skos:narrowMatch"
https://w3id.org/aidoc-ap#AIModel,https://w3id.org/dpv/tech#Model,dpv-tech,AI Model,Model,skos:closeMatch,skos:broadMatch,skos:closeMatch,REJECT,CONFLICT,CONFLICT,
https://w3id.org/aidoc-ap#AIModel,https://w3id.org/vair#Model,vair,AI Model,Model,skos:closeMatch,skos:relatedMatch,skos:closeMatch,skos:broadMatch,CONFLICT,CONFLICT,"FK: aidoc describes a concrete AI/ML model while vair describes not only a model, but also a system, entity, phenomenon, process or data | TD: skos:broadMatch"
https://w3id.org/aidoc-ap#AIModel,https://w3id.org/vair#TrainedModel,fn-band/vair,AI Model,Trained Model,skos:closeMatch,skos:narrowMatch,skos:narrowMatch,skos:narrowMatch,skos:narrowMatch,modify,SN: skos:broadMatch | TD: skos:narrowMatch
https://w3id.org/aidoc-ap#AIProvider,https://w3id.org/airo#AIProvider,airo,AI Provider,AI Provider,skos:exactMatch,skos:exactMatch,skos:exactMatch,skos:exactMatch,skos:exactMatch,accept,
https://w3id.org/aidoc-ap#AIProvider,https://w3id.org/dpv/legal/eu/aiact#AIProvider,dpv-aiact,AI Provider,AIProvider,skos:exactMatch,skos:exactMatch,skos:exactMatch,skos:exactMatch,skos:exactMatch,accept,
https://w3id.org/aidoc-ap#AIProvider,https://w3id.org/dpv/legal/eu/aiact#DownstreamAIProvider,dpv-aiact,AI Provider,DownstreamAIProvider,skos:closeMatch,skos:closeMatch,skos:narrowMatch,skos:narrowMatch,skos:narrowMatch,modify,SN: skos:narrowMatch | TD: skos:narrowMatch
https://w3id.org/aidoc-ap#AIProvider,https://w3id.org/dpv/tech#Provider,dpv-tech,AI Provider,Provider,skos:closeMatch,skos:broadMatch,skos:closeMatch,skos:closeMatch,skos:closeMatch,accept,
https://w3id.org/aidoc-ap#AISystem,https://w3id.org/airo#AISystem,airo,AI System,AI System,skos:exactMatch,skos:exactMatch,skos:exactMatch,skos:exactMatch,skos:exactMatch,accept,
https://w3id.org/aidoc-ap#AISystem,https://w3id.org/dpv/ai#AISystem,dpv-ai,AI System,AISystem,skos:exactMatch,skos:exactMatch,skos:exactMatch,skos:exactMatch,skos:exactMatch,accept,
https://w3id.org/aidoc-ap#AISystem,https://w3id.org/dpv/ai#AISystemRisk,dpv-ai,AI System,AISystemRisk,skos:narrowMatch,REJECT,REJECT,REJECT,REJECT,reject,FK: ai systems vs concrete risk associated to an ai system
https://w3id.org/aidoc-ap#AISystem,https://w3id.org/dpv/ai#FrugalAISystem,dpv-ai,AI System,FrugalAISystem,skos:narrowMatch,skos:narrowMatch,skos:narrowMatch,skos:narrowMatch,skos:narrowMatch,accept,
https://w3id.org/aidoc-ap#AISystem,https://w3id.org/dpv/legal/eu/aiact#AISystem,dpv-aiact,AI System,AISystem,skos:exactMatch,skos:exactMatch,skos:exactMatch,skos:exactMatch,skos:exactMatch,accept,
https://w3id.org/aidoc-ap#AISystem,https://w3id.org/dpv/legal/eu/aiact#AISystemPerformance,dpv-aiact,AI System,AISystemPerformance,skos:narrowMatch,REJECT,REJECT,REJECT,REJECT,reject,FK: ai system (concept) vs the ability to achieve an intended purpose
https://w3id.org/aidoc-ap#AISystem,https://w3id.org/dpv/legal/eu/aiact#ProhibitedAISystem,dpv-aiact,AI System,ProhibitedAISystem,skos:narrowMatch,skos:narrowMatch,skos:narrowMatch,skos:narrowMatch,skos:narrowMatch,accept,TD: skos:narrowMatch
https://w3id.org/aidoc-ap#AISystem,https://w3id.org/dpv/tech#System,dpv-tech,AI System,System,skos:broadMatch,skos:broadMatch,skos:broadMatch,skos:broadMatch,skos:broadMatch,accept,
https://w3id.org/aidoc-ap#AISystem,https://w3id.org/rains#AI_System,rains,AI System,AI System,skos:closeMatch,skos:narrowMatch,skos:closeMatch,skos:closeMatch,skos:closeMatch,accept,"FK: aidoc is broader, while rains describes an ai system with a specified accountability plan"
https://w3id.org/aidoc-ap#AISystem,https://w3id.org/sao#System,rains,AI System,System,skos:narrowMatch,REJECT,skos:narrowMatch,skos:broadMatch,CONFLICT,CONFLICT,FK: aidoc specifies a concrete AI System while rains (sao) specifies a general system with collected accountability information | TD: skos:broadMatch
https://w3id.org/aidoc-ap#AISystemCapability,https://w3id.org/airo#AICapability,airo,AI System Capability,AI Capability,skos:closeMatch,skos:closeMatch,skos:closeMatch,skos:exactMatch,skos:closeMatch,accept,TD: skos:exactMatch
https://w3id.org/aidoc-ap#AISystemCapability,https://w3id.org/airo#AISystem,airo,AI System Capability,AI System,skos:broadMatch,skos:broadMatch,REJECT,REJECT,REJECT,reject,
https://w3id.org/aidoc-ap#AISystemCapability,https://w3id.org/dpv/ai#AISystem,dpv-ai,AI System Capability,AISystem,skos:closeMatch,skos:broadMatch,REJECT,REJECT,REJECT,reject,
https://w3id.org/aidoc-ap#AISystemCapability,https://w3id.org/dpv/ai#AISystemRisk,fn-band/dpv-ai,AI System Capability,AISystemRisk,skos:relatedMatch,REJECT,REJECT,REJECT,REJECT,reject,"FK: aidoc describes a category of tasks or functions that an AI system can perform, such as sensory, knowledge, or control action processing while dpv-ai describes concrete risks associated with ai systems"
https://w3id.org/aidoc-ap#AISystemCapability,https://w3id.org/dpv/ai#FrugalAISystem,fn-band/dpv-ai,AI System Capability,FrugalAISystem,skos:relatedMatch,REJECT,REJECT,REJECT,REJECT,reject,"FK: aidoc describes a a category of tasks or functions that an AI system can perform, such as sensory, knowledge, or control action processing while dpv-ai describes AI systems intended to be more efficient, cost-effective, and accessible while maintaining or even improving their performance"
https://w3id.org/aidoc-ap#AISystemCapability,https://w3id.org/dpv/legal/eu/aiact#AISystem,dpv-aiact,AI System Capability,AISystem,skos:closeMatch,skos:broadMatch,REJECT,REJECT,REJECT,reject,
https://w3id.org/aidoc-ap#AISystemCapability,https://w3id.org/rains#AI_System,rains,AI System Capability,AI System,skos:broadMatch,REJECT,REJECT,REJECT,REJECT,reject,FK: aidoc describes a category of tasks or functions that an AI system can perform while rains describes an ai system for which an accountability plan is specified | SN: Capability/Log/Record vs. anderes Ding
https://w3id.org/aidoc-ap#Auditor,https://w3id.org/dpv/tech#Auditor,dpv-tech,Auditor,Auditor,skos:closeMatch,skos:narrowMatch,skos:closeMatch,skos:closeMatch,skos:closeMatch,accept,
https://w3id.org/aidoc-ap#ChangeLog,https://w3id.org/airo#Change,airo,Change Log,Change,skos:broadMatch,skos:broadMatch,REJECT,REJECT,REJECT,reject,
https://w3id.org/aidoc-ap#ChangeLog,https://w3id.org/rains#Change,rains,Change Log,Change,skos:closeMatch,skos:broadMatch,REJECT,REJECT,REJECT,reject,SN: Capability/Log/Record vs. anderes Ding
https://w3id.org/aidoc-ap#ChangeLog,https://w3id.org/rains#ChangeLog,rains,Change Log,Change Log,skos:closeMatch,skos:narrowMatch,skos:closeMatch,skos:closeMatch,skos:closeMatch,accept,
https://w3id.org/aidoc-ap#ChangeRecord,https://w3id.org/rains#Change,fn-band/rains,Change Record,Change,skos:closeMatch,skos:closeMatch,REJECT,REJECT,REJECT,reject,SN: Capability/Log/Record vs. anderes Ding
https://w3id.org/aidoc-ap#DataCleaningProcedure,https://w3id.org/dpv/ai#DataCleaning,dpv-ai,Data Cleaning Procedure,DataCleaning,skos:closeMatch,skos:closeMatch,REJECT,skos:closeMatch,skos:closeMatch,accept,
https://w3id.org/aidoc-ap#DataCleaningProcedure,https://w3id.org/rains#DataCollectionProcedure,rains,Data Cleaning Procedure,Data Collection Procedure,skos:broadMatch,REJECT,REJECT,REJECT,REJECT,reject,"FK: aidoc describes a procedure how data is cleaned, while rains describes a specific type of sao:InformationElement which records a specific piece of information detailing how the data is collected."
https://w3id.org/aidoc-ap#DataCleaningProcedure,https://w3id.org/rains#DataPreprocessingProcedure,rains,Data Cleaning Procedure,Data Preprocessing Procedure,skos:closeMatch,REJECT,skos:broadMatch,skos:closeMatch,CONFLICT,CONFLICT,"FK: aidoc describes a procedure how data is cleaned, while rains describes a specific type of sao:InformationElement which records a specific piece of information detailing how the data is preprocessed. | SN: skos:narrowMatch"
https://w3id.org/aidoc-ap#DataProcessing,https://w3id.org/dpv#DataProcessingAgreement,dpv,Data Processing,DataProcessingAgreement,skos:broadMatch,REJECT,REJECT,REJECT,REJECT,reject,FK: activity vs description of a concrete processing agreemant
https://w3id.org/aidoc-ap#DataProcessing,https://w3id.org/dpv#DataProcessingPolicy,dpv,Data Processing,DataProcessingPolicy,skos:broadMatch,REJECT,REJECT,REJECT,REJECT,reject,FK: activity vs description of a concrete policy
https://w3id.org/aidoc-ap#DataProcessing,https://w3id.org/dpv#DataProcessingRecord,dpv,Data Processing,DataProcessingRecord,skos:closeMatch,REJECT,REJECT,REJECT,REJECT,reject,FK: activity vs description of a concrete processing record
https://w3id.org/aidoc-ap#DataProcessing,https://w3id.org/dpv#Processing,airo+dpv,Data Processing,Processing,skos:closeMatch,skos:narrowMatch,skos:closeMatch,skos:closeMatch,skos:closeMatch,accept,
https://w3id.org/aidoc-ap#DataProcessing,https://w3id.org/dpv/ai#DataPoisoning,fn-band/dpv-ai,Data Processing,DataPoisoning,skos:narrowMatch,REJECT,REJECT,REJECT,REJECT,reject,FK: activity vs concrete example of poisoning data | SN: Capability/Log/Record vs. anderes Ding
https://w3id.org/aidoc-ap#DataSheet,http://www.w3.org/ns/mls#Data,fn-band/mlschema,Data Sheet,Data,skos:broadMatch,skos:broadMatch,REJECT,skos:broadMatch,skos:broadMatch,accept,SN: Dokument/Datenblatt vs. Daten
https://w3id.org/aidoc-ap#DataSheet,https://w3id.org/dpv#Data,fn-band/airo+fn-band/dpv,Data Sheet,Data,skos:broadMatch,skos:broadMatch,REJECT,skos:broadMatch,skos:broadMatch,accept,SN: Dokument/Datenblatt vs. Daten
https://w3id.org/aidoc-ap#DataTesting,https://w3id.org/airo#Data,fn-band/airo,Data Testing,Data,skos:broadMatch,REJECT,REJECT,REJECT,REJECT,reject,FK: activity vs concrete concept/data | SN: Aktivität/Prozess vs. Datenobjekt
https://w3id.org/aidoc-ap#DataTesting,https://w3id.org/dpv#Data,fn-band/airo+fn-band/dpv,Data Testing,Data,skos:broadMatch,REJECT,REJECT,REJECT,REJECT,reject,FK: activity vs concrete concept/data; activity vs concrete data | SN: Aktivität/Prozess vs. Datenobjekt
https://w3id.org/aidoc-ap#DataTesting,https://w3id.org/dpv/ai#TestingData,dpv-ai,Data Testing,TestingData,skos:closeMatch,REJECT,REJECT,REJECT,REJECT,reject,FK: activity vs concept
https://w3id.org/aidoc-ap#DataTesting,https://w3id.org/dpv/ai#TestingDataBias,fn-band/dpv-ai,Data Testing,TestingDataBias,skos:narrowMatch,REJECT,REJECT,REJECT,REJECT,reject,FK: activity vs concrete concept representing bias in testing data | SN: Aktivität/Prozess vs. Datenobjekt
https://w3id.org/aidoc-ap#DataTesting,https://w3id.org/dpv/ai#TestingDataInconsistent,fn-band/dpv-ai,Data Testing,TestingDataInconsistent,skos:narrowMatch,REJECT,REJECT,REJECT,REJECT,reject,FK: activity vs concrete concept representing inconsitencies in testing data | SN: Aktivität/Prozess vs. Datenobjekt
https://w3id.org/aidoc-ap#DataTesting,https://w3id.org/dpv/ai#TestingDataOutdated,fn-band/dpv-ai,Data Testing,TestingDataOutdated,skos:narrowMatch,REJECT,REJECT,REJECT,REJECT,reject,FK: activity vs concrete example of outdated testing data | SN: Aktivität/Prozess vs. Datenobjekt
https://w3id.org/aidoc-ap#DataTesting,https://w3id.org/dpv/ai#TestingDataSparse,fn-band/dpv-ai,Data Testing,TestingDataSparse,skos:closeMatch,REJECT,REJECT,REJECT,REJECT,reject,FK: activity vs concrete concept representing testing data being sparse | SN: Aktivität/Prozess vs. Datenobjekt
https://w3id.org/aidoc-ap#DataTesting,https://w3id.org/dpv/legal/eu/aiact#TestingData,dpv-aiact,Data Testing,TestingData,skos:exactMatch,REJECT,REJECT,REJECT,REJECT,reject,FK: activity vs concept | SN: activity vs data
https://w3id.org/aidoc-ap#DataTesting,https://w3id.org/vair#Testing,fn-band/vair,Data Testing,Testing,skos:closeMatch,skos:broadMatch,skos:closeMatch,REJECT,CONFLICT,CONFLICT,TD: activity vs phase
https://w3id.org/aidoc-ap#DataTraining,http://mex.aksw.org/mex-core#Training,mex-core,Data Training,Training,skos:closeMatch,skos:broadMatch,skos:closeMatch,REJECT,CONFLICT,CONFLICT,"TD: ours is the activity, while mex-core Training is a phase"
https://w3id.org/aidoc-ap#DataTraining,https://w3id.org/dpv#DataProtectionTraining,dpv,Data Training,DataProtectionTraining,skos:relatedMatch,skos:narrowMatch,REJECT,skos:narrowMatch,skos:narrowMatch,modify,TD: skos:narrowMatch
https://w3id.org/aidoc-ap#DataTraining,https://w3id.org/dpv/ai#TrainingData,dpv-ai,Data Training,TrainingData,skos:exactMatch,REJECT,REJECT,REJECT,REJECT,reject,FK: activity vs concept
https://w3id.org/aidoc-ap#DataTraining,https://w3id.org/dpv/legal/eu/aiact#TrainingData,dpv-aiact,Data Training,TrainingData,skos:exactMatch,REJECT,REJECT,REJECT,REJECT,reject,FK: activity vs concept | SN: activity vs data
https://w3id.org/aidoc-ap#DataTraining,https://w3id.org/vair#BiasedTrainingData,vair,Data Training,Biased Training Data,skos:narrowMatch,REJECT,REJECT,REJECT,REJECT,reject,FK: activity vs concrete bias in validation data | SN: Aktivität/Prozess vs. Datenobjekt
https://w3id.org/aidoc-ap#DataTraining,https://w3id.org/vair#ErroneousTrainingData,vair,Data Training,Erroneous Training Data,skos:narrowMatch,REJECT,REJECT,REJECT,REJECT,reject,FK: activity vs concrete erroneous training data | SN: Aktivität/Prozess vs. Datenobjekt
https://w3id.org/aidoc-ap#DataTraining,https://w3id.org/vair#IncompleteTrainingData,vair,Data Training,Incomplete Training Data,skos:narrowMatch,REJECT,REJECT,REJECT,REJECT,reject,FK: activity vs concrete incomplete training data | SN: Aktivität/Prozess vs. Datenobjekt
https://w3id.org/aidoc-ap#DataTraining,https://w3id.org/vair#IrrelevantTrainingData,vair,Data Training,Irrelevant Training Data,skos:narrowMatch,REJECT,REJECT,REJECT,REJECT,reject,FK: activity vs concrete irrelevancies in validation data | SN: Aktivität/Prozess vs. Datenobjekt
https://w3id.org/aidoc-ap#DataTraining,https://w3id.org/vair#TrainingData,vair,Data Training,TrainingData,skos:exactMatch,REJECT,REJECT,REJECT,REJECT,reject,"FK: aidoc activity vs vair (data used to train a machine learning model.  [ISO/IEC 22989, 3.3.16]) | SN: Aktivität/Prozess vs. Datenobjekt"
https://w3id.org/aidoc-ap#DataTraining,https://w3id.org/vair#UnrepresentativeTrainingData,vair,Data Training,Unrepresentative Training Data,skos:narrowMatch,REJECT,REJECT,REJECT,REJECT,reject,FK: activity vs concrete unrepresentative training data | SN: Aktivität/Prozess vs. Datenobjekt
https://w3id.org/aidoc-ap#DataValidation,http://mex.aksw.org/mex-core#Validation,mex-core,Data Validation,Validation,skos:closeMatch,skos:broadMatch,skos:closeMatch,REJECT,CONFLICT,CONFLICT,"TD: aidoc data validation is a activity, whereas validation is a subclass of phase and mor likely a closeMatch to https://w3id.org/vair#Validation"
https://w3id.org/aidoc-ap#DataValidation,https://w3id.org/dpv/ai#ValidationData,dpv-ai,Data Validation,ValidationData,skos:closeMatch,REJECT,REJECT,REJECT,REJECT,reject,FK: activity vs concept
https://w3id.org/aidoc-ap#DataValidation,https://w3id.org/dpv/ai#ValidationDataBias,dpv-ai,Data Validation,ValidationDataBias,skos:narrowMatch,REJECT,REJECT,REJECT,REJECT,reject,FK: activity vs concept
https://w3id.org/aidoc-ap#DataValidation,https://w3id.org/dpv/ai#ValidationDataIncomplete,fn-band/dpv-ai,Data Validation,ValidationDataIncomplete,skos:narrowMatch,REJECT,REJECT,REJECT,REJECT,reject,FK: activity vs concrete concept representing incomplete data in validation data | SN: Aktivität/Prozess vs. Datenobjekt
https://w3id.org/aidoc-ap#DataValidation,https://w3id.org/dpv/ai#ValidationDataNoise,dpv-ai,Data Validation,ValidationDataNoise,skos:narrowMatch,REJECT,REJECT,REJECT,REJECT,reject,FK: activity vs concept
https://w3id.org/aidoc-ap#DataValidation,https://w3id.org/dpv/ai#ValidationDataOutdated,dpv-ai,Data Validation,ValidationDataOutdated,skos:narrowMatch,REJECT,REJECT,REJECT,REJECT,reject,
https://w3id.org/aidoc-ap#DataValidation,https://w3id.org/dpv/ai#ValidationDataRisk,dpv-ai,Data Validation,ValidationDataRisk,skos:relatedMatch,REJECT,REJECT,REJECT,REJECT,reject,FK: activity vs concept and concrete risk
https://w3id.org/aidoc-ap#DataValidation,https://w3id.org/dpv/ai#ValidationDataSparse,dpv-ai,Data Validation,ValidationDataSparse,skos:narrowMatch,REJECT,REJECT,REJECT,REJECT,reject,FK: activity vs concept
https://w3id.org/aidoc-ap#DataValidation,https://w3id.org/dpv/ai#ValidationDataUnrepresentative,fn-band/dpv-ai,Data Validation,ValidationDataUnrepresentative,skos:narrowMatch,REJECT,REJECT,REJECT,REJECT,reject,FK: activity vs concrete concept representing validation data being unrepresentative | SN: Aktivität/Prozess vs. Datenobjekt
https://w3id.org/aidoc-ap#DataValidation,https://w3id.org/dpv/legal/eu/aiact#ValidationData,dpv-aiact,Data Validation,ValidationData,skos:exactMatch,REJECT,REJECT,REJECT,REJECT,reject,FK: activity vs concept | SN: activity vs data
https://w3id.org/aidoc-ap#DataValidation,https://w3id.org/vair#BiasedValidationData,vair,Data Validation,Biased Validation Data,skos:narrowMatch,REJECT,REJECT,REJECT,REJECT,reject,FK: activity vs concrete bias in validation data | SN: Aktivität/Prozess vs. Datenobjekt
https://w3id.org/aidoc-ap#DataValidation,https://w3id.org/vair#ErroneousValidationData,vair,Data Validation,Erroneous Validation Data,skos:narrowMatch,REJECT,REJECT,REJECT,REJECT,reject,FK: activity vs concrete erroneous validation data | SN: Aktivität/Prozess vs. Datenobjekt
https://w3id.org/aidoc-ap#DataValidation,https://w3id.org/vair#IncompleteValidationData,vair,Data Validation,Incomplete Validation Data,skos:narrowMatch,REJECT,REJECT,REJECT,REJECT,reject,FK: activity vs concrete incompleteness in validation data (concept) | SN: Aktivität/Prozess vs. Datenobjekt
https://w3id.org/aidoc-ap#DataValidation,https://w3id.org/vair#IrrelevantValidationData,vair,Data Validation,Irrelevant Validation Data,skos:narrowMatch,REJECT,REJECT,REJECT,REJECT,reject,FK: activity vs concrete irrelevancies in validation data | SN: Aktivität/Prozess vs. Datenobjekt
https://w3id.org/aidoc-ap#DataValidation,https://w3id.org/vair#UnrepresentativeValidationData,vair,Data Validation,Unrepresentative Validation Data,skos:narrowMatch,REJECT,REJECT,REJECT,REJECT,reject,FK: activity vs concrete unrepresentatives in validation data | SN: Aktivität/Prozess vs. Datenobjekt
https://w3id.org/aidoc-ap#DataValidation,https://w3id.org/vair#Validation,vair,Data Validation,Validation,skos:closeMatch,skos:relatedMatch,skos:closeMatch,REJECT,CONFLICT,CONFLICT,"FK: aidoc activity (EU AI Act 2024/1689, Article 3(30)) vs vair activity (ISO/IEC 22989:2022, 6.2.4) | TD: aidoc is activity, vair is phase"
https://w3id.org/aidoc-ap#DataValidation,https://w3id.org/vair#ValidationData,vair,Data Validation,ValidationData,skos:closeMatch,REJECT,REJECT,REJECT,REJECT,reject,"FK: aidoc (activity) vs vair (data used to compare the performance of different candidate models.   [ISO/IEC 22989, 3.2.15]) | SN: Aktivität/Prozess vs. Datenobjekt"
https://w3id.org/aidoc-ap#DataWrangling,https://w3id.org/dpv/ai#DataCleaning,dpv-ai,Data Wrangling/Cleaning,DataCleaning,skos:closeMatch,skos:closeMatch,skos:closeMatch,skos:closeMatch,skos:closeMatch,accept,
https://w3id.org/aidoc-ap#Dataset,http://mex.aksw.org/mex-core#Dataset,mex-core,Dataset,Dataset,skos:exactMatch,skos:broadMatch,skos:exactMatch,skos:exactMatch,skos:exactMatch,accept,
https://w3id.org/aidoc-ap#Dataset,http://www.w3.org/ns/mls#Dataset,ml-onto+mlschema+rains,Dataset,Dataset,skos:exactMatch,skos:closeMatch,skos:exactMatch,skos:exactMatch,skos:exactMatch,accept,SN: skos:narrowMatch
https://w3id.org/aidoc-ap#Dataset,https://w3id.org/rains#DatasetComponent,fn-band/rains,Dataset,Dataset Component,skos:closeMatch,skos:narrowMatch,skos:narrowMatch,REJECT,skos:narrowMatch,modify,SN: skos:broadMatch
https://w3id.org/aidoc-ap#Dataset,https://w3id.org/vair#Dataset,vair,Dataset,Dataset,skos:exactMatch,skos:closeMatch,skos:exactMatch,skos:exactMatch,skos:exactMatch,accept,"FK: vair Dataset DOES NOT provide a description, but a close match can be assumed"
https://w3id.org/aidoc-ap#Dataset,https://www.w3.org/TR/vocab-dcat-3/Dataset,airo,Dataset,https://www.w3.org/TR/vocab-dcat-3/Dataset,skos:exactMatch,skos:exactMatch,skos:exactMatch,skos:exactMatch,skos:exactMatch,accept,
https://w3id.org/aidoc-ap#DeclarationOfConformity,https://w3id.org/dpv/legal/eu/aiact#EUDeclarationOfConformity,dpv-aiact,Declaration of Conformity,EUDeclarationOfConformity,skos:closeMatch,skos:narrowMatch,skos:closeMatch,skos:narrowMatch,skos:narrowMatch,modify,TD: skos:narrowMatch
https://w3id.org/aidoc-ap#DeclarationOfConformity,https://w3id.org/vair#EUDeclarationOfConformity,vair,Declaration of Conformity,EU Declaration Of Conformity,skos:closeMatch,skos:narrowMatch,skos:closeMatch,skos:narrowMatch,skos:narrowMatch,modify,TD: skos:narrowMatch
https://w3id.org/aidoc-ap#Deployment,https://w3id.org/dpv/ai#DeploymentStage,dpv-ai,Deployment,DeploymentStage,skos:closeMatch,skos:closeMatch,skos:closeMatch,REJECT,skos:closeMatch,accept,"TD: aidoc:Deployment is an activity not a phase, this is rather https://w3id.org/vair#Deployment"
https://w3id.org/aidoc-ap#Deployment,https://w3id.org/vair#Deployment,vair,Deployment,Deployment,skos:exactMatch,skos:exactMatch,skos:exactMatch,REJECT,skos:exactMatch,accept,"TD: aidoc is the activity itself, vair is the life cycle phase"
https://w3id.org/aidoc-ap#HardwareComponent,https://w3id.org/dpv/tech#Component,fn-band/dpv-tech,Hardware Component,Component,skos:closeMatch,skos:broadMatch,skos:broadMatch,skos:broadMatch,skos:broadMatch,modify,SN: skos:narrowMatch | TD: skos:broadMatch
https://w3id.org/aidoc-ap#HardwareComponent,https://w3id.org/vair#Hardware,fn-band/vair,Hardware Component,Hardware,skos:closeMatch,skos:broadMatch,skos:broadMatch,skos:closeMatch,skos:broadMatch,modify,FK: aidoc narrows to ai system while vair is the general concept | SN: skos:narrowMatch | TD: skos:exactMatch
https://w3id.org/aidoc-ap#HumanOversightMechanism,https://w3id.org/dpv#HumanOversight,dpv,Human Oversight Mechanism,HumanOversight,skos:closeMatch,skos:closeMatch,skos:closeMatch,skos:exactMatch,skos:closeMatch,accept,TD: skos:exactMatch
https://w3id.org/aidoc-ap#HumanOversightMechanism,https://w3id.org/rains#SystemHumanOversightMechanism,rains,Human Oversight Mechanism,System Human Oversight Mechanism,skos:closeMatch,skos:narrowMatch,skos:closeMatch,skos:closeMatch,skos:closeMatch,accept,
https://w3id.org/aidoc-ap#HumanOversightMechanism,https://w3id.org/vair#HumanOversightMeasure,vair,Human Oversight Mechanism,Human Oversight Measure,skos:closeMatch,skos:closeMatch,skos:closeMatch,skos:closeMatch,skos:closeMatch,accept,TD: skos:exactMatch
https://w3id.org/aidoc-ap#IntendedPurpose,https://w3id.org/dpv#Intended,fn-band/dpv,Intended Purpose,Intended,skos:closeMatch,skos:broadMatch,REJECT,REJECT,REJECT,reject,SN: Capability/Log/Record vs. anderes Ding
https://w3id.org/aidoc-ap#IntendedPurpose,https://w3id.org/dpv/legal/eu/aiact#IntendedPurpose,dpv-aiact,Intended Purpose,IntendedPurpose,skos:exactMatch,skos:exactMatch,skos:exactMatch,skos:exactMatch,skos:exactMatch,accept,
https://w3id.org/aidoc-ap#Log,https://w3id.org/dpv/legal/eu/aiact#TestLog,fn-band/dpv-aiact,Log,TestLog,skos:narrowMatch,skos:narrowMatch,skos:narrowMatch,skos:narrowMatch,skos:narrowMatch,accept,SN: skos:broadMatch
https://w3id.org/aidoc-ap#Log,https://w3id.org/rains#Log,rains,Log,Log,skos:closeMatch,REJECT,skos:closeMatch,REJECT,REJECT,reject,"FK: aidoc describes ""A record of system events, performance, and traceability."" while rains describes ""A specific type of planned sao:AccountableResult which represents a high level reference to logs of information pertaining either to Installation or Changes"" | TD: aidoc is a system log, not installation or change log"
https://w3id.org/aidoc-ap#MLPipeline,http://www.semanticweb.org/owl/owlapi/turtle#MachineLearning,vair,Machine Learning Pipeline,MachineLearning,skos:closeMatch,skos:narrowMatch,REJECT,REJECT,REJECT,reject,
https://w3id.org/aidoc-ap#MLPipeline,https://w3id.org/dpv/ai#MachineLearning,dpv-ai,Machine Learning Pipeline,MachineLearning,skos:closeMatch,skos:closeMatch,REJECT,REJECT,REJECT,reject,
https://w3id.org/aidoc-ap#MLPipeline,https://w3id.org/dpv/ai#MachineLearningModel,dpv-ai,Machine Learning Pipeline,MachineLearningModel,skos:narrowMatch,REJECT,REJECT,REJECT,REJECT,reject,FK: activity vs concept (concrete model)
https://w3id.org/aidoc-ap#MLPipeline,https://w3id.org/dpv/ai#MachineLearningPlatform,dpv-ai,Machine Learning Pipeline,MachineLearningPlatform,skos:closeMatch,skos:closeMatch,REJECT,REJECT,REJECT,reject,
https://w3id.org/aidoc-ap#MLPipeline,https://w3id.org/vair#MachineLearning,vair,Machine Learning Pipeline,Machine Learning,skos:broadMatch,skos:narrowMatch,REJECT,REJECT,REJECT,reject,"FK: aidoc describes the whole pipeline while vair is specific about the process of optimizing of optimizing model parameters through computational techniques, such that the model's behaviour reflects the data or experience."
https://w3id.org/aidoc-ap#MLPipeline,https://w3id.org/vair#MachineLearningAlgorithm,fn-band/vair,Machine Learning Pipeline,Machine Learning Algorithm,skos:narrowMatch,REJECT,REJECT,REJECT,REJECT,reject,FK: activities of the pipeline vs concrete algorithm in place
https://w3id.org/aidoc-ap#MLPipeline,https://w3id.org/vair#MachineLearningFramework,fn-band/vair,Machine Learning Pipeline,MachineLearningFramework,skos:closeMatch,REJECT,REJECT,REJECT,REJECT,reject,FK: pipeline of activities vs concrete concept of a framework | TD: https://delaramglp.github.io/vair/#MachineLearningFramework does not exist?
https://w3id.org/aidoc-ap#MLPipeline,https://w3id.org/vair#MachineLearningLibrary,vair,Machine Learning Pipeline,Machine Learning Library,skos:narrowMatch,REJECT,REJECT,REJECT,REJECT,reject,FK: activity vs libraries (software used for machine learning)
https://w3id.org/aidoc-ap#MLPipeline,https://w3id.org/vair#MachineLearningModel,vair,Machine Learning Pipeline,Machine Learning Model,skos:narrowMatch,REJECT,REJECT,REJECT,REJECT,reject,FK: pipeline (activities) vs concrete model (concept)
https://w3id.org/aidoc-ap#MLPipeline,https://w3id.org/vair#MachineLearningPlatform,vair,Machine Learning Pipeline,Machine Learning Platform,skos:closeMatch,REJECT,REJECT,REJECT,REJECT,reject,FK: airo pipeline/activity vs vair (concrete) resource on which a ML model runs
https://w3id.org/aidoc-ap#Modality,http://w3id.org/mlso/DataModality,ml-onto,Modality,Data Modality,skos:broadMatch,REJECT,skos:broadMatch,REJECT,REJECT,reject,"FK: aidoc describes the form in which the AI system is provided or placed on the market, while ml-onto (mlso) describes the different types or forms of data that exist | TD: aidoc modality is related to an ai system, ml-onto data Modality regards data itself"
https://w3id.org/aidoc-ap#Modality,https://w3id.org/airo#Modality,airo+vair,Modality,Modality,skos:closeMatch,skos:broadMatch,skos:closeMatch,skos:closeMatch,skos:closeMatch,accept,TD: skos:exactMatch
https://w3id.org/aidoc-ap#ModelEvaluation,http://www.w3.org/ns/mls#ModelEvaluation,ml-onto+mlschema+rains,Model Evaluation,Model Evaluation,skos:closeMatch,REJECT,skos:exactMatch,REJECT,REJECT,reject,"FK: ml-onto class describes the SETTING of a specific value during evaluation, while aidoc describes the activity; mlschema describes the class with a DISTINCT SETTING of an evaluation value, while aidoc describes the activity; rains (mls) describes again a DISTINCT SETTING of a value, while aidoc describes the activity | TD: aidoc is a activity, rains is only the result; aidoc is activity, mlschema is value: "" It connects a measure specification with its value.""""; aidoc is an activity, this is a value: ""It connects a measure specification with its value."""
https://w3id.org/aidoc-ap#ModelEvaluation,https://w3id.org/dpv/ai#ModelEvasion,fn-band/dpv-ai,Model Evaluation,ModelEvasion,skos:relatedMatch,REJECT,REJECT,REJECT,REJECT,reject,"FK: activity vs concrete input, which seems normal for a human but is wrongly classified by ML models (according to The EU Assessment List for Trustworthy AI (ALTAI),https://data.europa.eu/doi/10.2759/002360) | SN: Capability/Log/Record vs. anderes Ding"
https://w3id.org/aidoc-ap#ModelEvaluation,https://w3id.org/rains#Evaluation,rains,Model Evaluation,Evaluation,skos:closeMatch,skos:narrowMatch,skos:broadMatch,skos:closeMatch,CONFLICT,CONFLICT,SN: skos:narrowMatch
https://w3id.org/aidoc-ap#ModelEvaluation,https://w3id.org/vair#ReEvaluation,fn-band/vair,Model Evaluation,Re-Evaluation,skos:closeMatch,skos:narrowMatch,skos:closeMatch,REJECT,CONFLICT,CONFLICT,FK: broader activity of evaluation vs narrower re-evaluation based on results | TD: activity vs phase
https://w3id.org/aidoc-ap#ModelPackaging,http://mex.aksw.org/mex-core#Model,fn-band/mex-core,Model Packaging,Model,skos:broadMatch,REJECT,REJECT,REJECT,REJECT,reject,FK: activity vs concrete model | SN: Capability/Log/Record vs. anderes Ding
https://w3id.org/aidoc-ap#ModelPackaging,http://www.w3.org/ns/mls#Model,fn-band/mlschema,Model Packaging,Model,skos:broadMatch,REJECT,REJECT,REJECT,REJECT,reject,FK: activity vs concrete model | SN: Capability/Log/Record vs. anderes Ding
https://w3id.org/aidoc-ap#ModelVersioning,https://w3id.org/dpv/ai#ModelTraining,fn-band/dpv-ai,Model Versioning,ModelTraining,skos:narrowMatch,REJECT,REJECT,REJECT,REJECT,reject,FK: activity of managing revisions and tracking changes in model iterations vs process to determine or to improve the parameters of a machine learning model based on a machine learning technique by using training data | SN: Capability/Log/Record vs. anderes Ding
https://w3id.org/aidoc-ap#ModelVersioning,https://w3id.org/vair#ModelInversion,fn-band/vair,Model Versioning,Model Inversion,skos:relatedMatch,REJECT,REJECT,REJECT,REJECT,reject,FK: activity of managing revisions vs type of attack
https://w3id.org/aidoc-ap#PerformanceMetric,http://purl.obolibrary.org/obo/MCRO_0000027,fn-band/mcro,Performance Metric,Performance Metric Information Section,skos:closeMatch,skos:broadMatch,REJECT,REJECT,REJECT,reject,FK: concrete metric vs section describing all metrics | SN: Capability/Log/Record vs. anderes Ding
https://w3id.org/aidoc-ap#PerformanceMetric,http://www.w3.org/ns/dqv#Metric,fn-band/airo,Performance Metric,Metric,skos:closeMatch,skos:broadMatch,skos:broadMatch,skos:broadMatch,skos:broadMatch,modify,SN: skos:narrowMatch | TD: skos:broadMatch
https://w3id.org/aidoc-ap#PostMarketMonitoringActivity,https://w3id.org/dpv/legal/eu/aiact#PostMarketMonitoringPlan,dpv-aiact,Post-market Monitoring Activity,PostMarketMonitoringPlan,skos:closeMatch,REJECT,skos:closeMatch,skos:closeMatch,skos:closeMatch,accept,FK: activity vs description of a concrete plan
https://w3id.org/aidoc-ap#PostMarketMonitoringActivity,https://w3id.org/dpv/legal/eu/aiact#PostMarketMonitoringSystem,dpv-aiact,Post-market Monitoring Activity,PostMarketMonitoringSystem,skos:closeMatch,REJECT,skos:closeMatch,skos:exactMatch,CONFLICT,CONFLICT,FK: activity vs description of a concrete system | TD: skos:exactMatch
https://w3id.org/aidoc-ap#PostMarketMonitoringActivity,https://w3id.org/dpv/legal/eu/aiact#PostMarketMonitoringSystemDocumentation,fn-band/dpv-aiact,Post-market Monitoring Activity,PostMarketMonitoringSystemDocumentation,skos:narrowMatch,REJECT,REJECT,REJECT,REJECT,reject,"FK: activity vs documentation of the post-market monitoring system in place, as required by the AI Act | SN: Capability/Log/Record vs. anderes Ding"
https://w3id.org/aidoc-ap#PostMarketMonitoringActivity,https://w3id.org/vair#PostMarketMonitoringPlan,vair,Post-market Monitoring Activity,Post-market Monitoring Plan,skos:closeMatch,REJECT,skos:closeMatch,skos:closeMatch,skos:closeMatch,accept,FK: aidoc activity vs vair concrete plan as required by the EU AI Act
https://w3id.org/aidoc-ap#PostMarketMonitoringActivity,https://w3id.org/vair#PostMarketMonitoringSystemDescription,fn-band/vair,Post-market Monitoring Activity,Post-market Monitoring System Description,skos:closeMatch,REJECT,REJECT,REJECT,REJECT,reject,FK: activity vs documentation of the system in place | SN: Capability/Log/Record vs. anderes Ding
https://w3id.org/aidoc-ap#SoftwareComponent,http://www.w3.org/ns/prov#SoftwareAgent,fn-band/prov-o,Software Component,SoftwareAgent,skos:closeMatch,skos:narrowMatch,skos:relatedMatch,skos:narrowMatch,skos:narrowMatch,modify,"FK: A logical or physical software component of the AI system, such as a service, module, or microservice participating in the overall processing vs software that acts on behalf of another Entity or technology | SN: skos:relatedMatch | TD: skos:narrowMatch"
https://w3id.org/aidoc-ap#SoftwareComponent,https://w3id.org/dpv/tech#SoftwareAgent,fn-band/dpv-tech,Software Component,SoftwareAgent,skos:closeMatch,skos:narrowMatch,skos:relatedMatch,skos:narrowMatch,skos:narrowMatch,modify,"FK: A logical or physical software component of the AI system, such as a service, module, or microservice participating in the overall processing vs software that acts on behalf of another Entity or technology | SN: skos:relatedMatch | TD: skos:narrowMatch"
https://w3id.org/aidoc-ap#SoftwareComponent,https://w3id.org/vair#SafetyComponent,fn-band/vair,Software Component,Safety Component,skos:broadMatch,skos:narrowMatch,skos:relatedMatch,REJECT,CONFLICT,CONFLICT,SN: skos:relatedMatch
https://w3id.org/aidoc-ap#SoftwareDevelopment,https://w3id.org/dpv/tech#Software,fn-band/dpv-tech,Software Development,Software,skos:broadMatch,REJECT,REJECT,REJECT,REJECT,reject,FK: activity of developing software vs concrete parts or components of the technology such as programs and data | SN: Capability/Log/Record vs. anderes Ding
https://w3id.org/aidoc-ap#SoftwareImplementation,http://www.w3.org/ns/mls#Implementation,ml-onto+mlschema,Software Implementation,Implementation,skos:closeMatch,skos:narrowMatch,skos:closeMatch,skos:closeMatch,skos:closeMatch,accept,TD: skos:exactMatch
https://w3id.org/aidoc-ap#SoftwareImplementation,http://www.w3.org/ns/mls#Software,fn-band/ml-onto,Software Implementation,Software,skos:broadMatch,skos:broadMatch,REJECT,skos:broadMatch,skos:broadMatch,accept,FK: concrete executable software realizing an algorithm vs software as a general concept
https://w3id.org/aidoc-ap#SoftwareVersioning,https://w3id.org/vair#Software,fn-band/vair,Software Versioning,Software,skos:broadMatch,REJECT,REJECT,REJECT,REJECT,reject,FK: activity of managing revisions vs general software concept
https://w3id.org/aidoc-ap#Standard,https://w3id.org/airo#Standard,airo+vair,Standard,Standard,skos:closeMatch,skos:narrowMatch,skos:closeMatch,skos:closeMatch,skos:closeMatch,accept,"FK: vair is narrower with Regulation (EU) No 1025/2012 on European standardisation as source, while aidoc is broader (harmonised standard)"
https://w3id.org/aidoc-ap#Standard,https://w3id.org/dpv#Standard,dpv,Standard,Standard,skos:exactMatch,skos:exactMatch,skos:exactMatch,skos:exactMatch,skos:exactMatch,accept,
https://w3id.org/aidoc-ap#TrainingDataSheet,https://w3id.org/dpv/ai#TrainingData,dpv-ai,Training Data Sheet,TrainingData,skos:closeMatch,skos:broadMatch,REJECT,REJECT,REJECT,reject,FK: activity vs concept | SN: skos:narrowMatch
https://w3id.org/aidoc-ap#TrainingDataSheet,https://w3id.org/dpv/legal/eu/aiact#TrainingData,dpv-aiact,Training Data Sheet,TrainingData,skos:closeMatch,skos:broadMatch,REJECT,REJECT,REJECT,reject,
https://w3id.org/aidoc-ap#TrainingDataSheet,https://w3id.org/rains#TrainingDataset,fn-band/rains,Training Data Sheet,Training Dataset,skos:closeMatch,skos:broadMatch,REJECT,REJECT,REJECT,reject,SN: Dokument/Datenblatt vs. Daten
https://w3id.org/aidoc-ap#TrainingDataSheet,https://w3id.org/vair#IncompleteTrainingData,fn-band/vair,Training Data Sheet,Incomplete Training Data,skos:narrowMatch,skos:broadMatch,REJECT,REJECT,REJECT,reject,FK: the training data sheet is narrower (contains more) than only incomplete training data | SN: Dokument/Datenblatt vs. Daten
https://w3id.org/aidoc-ap#TrainingDataSheet,https://w3id.org/vair#TrainingData,vair,Training Data Sheet,TrainingData,skos:closeMatch,skos:broadMatch,REJECT,REJECT,REJECT,reject,"FK: aidoc (data sheet focusing on training methodologies, techniques, hyperparameters and dataset usage for training, validation and testing.) vs vair data used to train a machine learning model.  [ISO/IEC 22989, 3.3.16] | SN: Dokument/Datenblatt vs. Daten"
https://w3id.org/aidoc-ap#TransparencyMeasure,https://w3id.org/vair#TransparencyMeasure,vair,Transparency Measure,Transparency Measure,skos:exactMatch,skos:exactMatch,skos:exactMatch,skos:exactMatch,skos:exactMatch,accept,
https://w3id.org/aidoc-ap#VisualDocumentation,https://w3id.org/airo#Documentation,airo+vair,Visual Documentation,Documentation,skos:broadMatch,skos:broadMatch,skos:broadMatch,skos:broadMatch,skos:broadMatch,accept,SN: skos:narrowMatch
https://w3id.org/aidoc-ap#VisualDocumentation,https://w3id.org/dpv/legal/eu/aiact#TechnicalDocumentation,fn-band/dpv-aiact,Visual Documentation,TechnicalDocumentation,skos:closeMatch,skos:closeMatch,skos:relatedMatch,REJECT,CONFLICT,CONFLICT,SN: skos:relatedMatch
https://w3id.org/aidoc-ap#VisualDocumentation,https://w3id.org/dpv/tech#Documentation,dpv-tech,Visual Documentation,Documentation,skos:broadMatch,skos:broadMatch,skos:broadMatch,skos:broadMatch,skos:broadMatch,accept,
https://w3id.org/aidoc-ap#VisualDocumentation,https://w3id.org/vair#TechnicalDocumentation,fn-band/vair,Visual Documentation,Technical Documentation,skos:narrowMatch,skos:closeMatch,skos:relatedMatch,REJECT,CONFLICT,CONFLICT,SN: skos:relatedMatch
